<?xml version="1.0" encoding="utf-8"?>
<ode><userPreferences><userPreference><key>theme</key><value>neo</value></userPreference></userPreferences><odeResources><odeResource><key>odeVersionId</key><value>20251130120544AUVQRK</value></odeResource><odeResource><key>odeId</key><value>20251102143059XSAFJO</value></odeResource><odeResource><key>odeVersionName</key><value>0</value></odeResource><odeResource><key>isDownload</key><value>true</value></odeResource></odeResources><odeProperties><odeProperty><key>pp_title</key><value>Animales Domésticos y Salvajes</value></odeProperty><odeProperty><key>pp_lang</key><value>es</value></odeProperty><odeProperty><key>pp_author</key><value>Silvia Gámez López</value></odeProperty><odeProperty><key>license</key><value>creative commons: attribution - share alike 4.0</value></odeProperty><odeProperty><key>pp_description</key><value>El objetivo, principal, es conocer los distintos aspectos y características que poseen tanto los animales Domésticos y Salvajes: sus características, tipos, hábitat, beneficios, cuidados, entre otros. 
Para ello, a través de este recurso, llevaremos a cabo un recorrido apasionante, por el mundo de los animales que vamos a conocer.
¿Te unes a ello?</value></odeProperty><odeProperty><key>exportSource</key><value>true</value></odeProperty><odeProperty><key>pp_addExeLink</key><value>true</value></odeProperty><odeProperty><key>pp_exportElp</key><value>false</value></odeProperty><odeProperty><key>pp_addPagination</key><value>false</value></odeProperty><odeProperty><key>pp_addSearchBox</key><value>false</value></odeProperty><odeProperty><key>pp_addAccessibilityToolbar</key><value>false</value></odeProperty><odeProperty><key>pp_extraHeadContent</key><value/></odeProperty><odeProperty><key>footer</key><value/></odeProperty></odeProperties><odeNavStructures><odeNavStructure><odePageId>20251130120544QHDEND</odePageId><odeParentPageId/><pageName>ANIMALES DOMÉSTICOS Y SÁLVAJES</pageName><odeNavStructureOrder>1</odeNavStructureOrder><odeNavStructureProperties><odeNavStructureProperty><key>titleNode</key><value>ANIMALES DOMÉSTICOS Y SÁLVAJES</value></odeNavStructureProperty><odeNavStructureProperty><key>titleHtml</key><value/></odeNavStructureProperty><odeNavStructureProperty><key>editableInPage</key><value>false</value></odeNavStructureProperty><odeNavStructureProperty><key>titlePage</key><value>ANIMALES DOMÉSTICOS Y SÁLVAJES</value></odeNavStructureProperty><odeNavStructureProperty><key>visibility</key><value>true</value></odeNavStructureProperty><odeNavStructureProperty><key>description</key><value/></odeNavStructureProperty></odeNavStructureProperties><odePagStructures><odePagStructure><odePageId>20251130120544QHDEND</odePageId><odeBlockId>20251130120544RVUTJK</odeBlockId><blockName>¿Te atreves a conocer los animales domésticos?</blockName><iconName>icon_sport</iconName><odePagStructureOrder>1</odePagStructureOrder><odePagStructureProperties><odePagStructureProperty><key>visibility</key><value>true</value></odePagStructureProperty><odePagStructureProperty><key>teacherOnly</key><value>false</value></odePagStructureProperty><odePagStructureProperty><key>allowToggle</key><value>true</value></odePagStructureProperty><odePagStructureProperty><key>minimized</key><value>false</value></odePagStructureProperty><odePagStructureProperty><key>identifier</key><value/></odePagStructureProperty><odePagStructureProperty><key>cssClass</key><value/></odePagStructureProperty></odePagStructureProperties><odeComponents><odeComponent><odePageId>20251130120544QHDEND</odePageId><odeBlockId>20251130120544RVUTJK</odeBlockId><odeIdeviceId>2025112623135658372E</odeIdeviceId><odeIdeviceTypeName>text</odeIdeviceTypeName><htmlView>&lt;div class="exe-text-template"&gt;&lt;div class="textIdeviceContent"&gt;
            &lt;div class="exe-text-activity"&gt;
                &lt;div&gt;&lt;p&gt;&lt;span style="color: #e03e2d;"&gt;&lt;strong&gt;Pues vamos a ello, lo primero es darte, la ENHORABUENA, por dar este gran paso y estar dispuesto a iniciar esta aventura.&lt;/strong&gt;&lt;/span&gt;&lt;/p&gt;
&lt;p&gt;&lt;span style="color: #e03e2d;"&gt;&lt;strong&gt;Pues comenzamos:&lt;/strong&gt;&lt;/span&gt;&lt;/p&gt;
&lt;p&gt;&lt;span style="color: #e03e2d;"&gt;&lt;strong&gt;A través del siguiente enlace, se muestra el porque de "Este Proyecto", y así seguimos conociendo un poco más de los objetivos,&amp;nbsp; materias que trabajaremos, etc.&amp;nbsp;&lt;/strong&gt;&lt;/span&gt;&lt;/p&gt;
&lt;p&gt;&lt;a href="exe-node:20251130120544QHDEND" id="link_5" onclick="window.open('https://docs.google.com/document/d/1_JXE3MmYWGQATLxdg-MNGQrpRjSbt7tCBGgE1uo9Bec/edit?usp=sharing','eXeLearningPopup','width=600,height=400,left='+(screen.availWidth/2-300)+',top='+(screen.availHeight/2-200)+'');return false;"&gt;¡¡¡ COMENZAMOS NUESTRO PROYECTO!!!&lt;/a&gt;&lt;/p&gt;
&lt;p&gt;&lt;strong&gt;&lt;span style="color: #e03e2d;"&gt;Y cada vez que utilizamos, Internet, es importante conocer los aspectos de Seguridad y Licencias, porque navegar por las redes, y enfrentarnos a todos los retos que nos proporciona, nos debe también concienciar, a conocer aspectos relevantes en la seguridad y las licencias, respetando los derechos de Autos. Así pues, pueden conocer un poco más en el siguiente ENLACE :&lt;/span&gt;&lt;/strong&gt;&lt;/p&gt;
&lt;p&gt;&lt;strong&gt;&lt;span style="color: #e03e2d;" id="link_6" onclick="window.open('https://www.canva.com/design/DAG6B8mYSvk/4kmt-hUje4caWcrQmHYxpQ/edit?utm_content=DAG6B8mYSvk&amp;utm_campaign=designshare&amp;utm_medium=link2&amp;utm_source=sharebutton','eXeLearningPopup','width=600,height=400,left='+(screen.availWidth/2-300)+',top='+(screen.availHeight/2-200)+'');return false;"&gt;&lt;img src="{{context_path}}/2025112623135658372E/Seguridad_Silvia_Gmez.pdf" alt=""&gt;&lt;a href="exe-node:20251130120544QHDEND"&gt;SEGURIDAD Y LICENCIAS&lt;/a&gt;&lt;/span&gt;&lt;/strong&gt;&lt;/p&gt;
&lt;p&gt;&lt;br&gt;&lt;/p&gt;
&lt;p&gt;&lt;/p&gt;
&lt;p&gt;&lt;br&gt;&lt;/p&gt;
&lt;p&gt;&lt;br&gt;&lt;/p&gt;
&lt;p&gt;&lt;br&gt;&lt;/p&gt;
&lt;p&gt;&lt;br&gt;&lt;/p&gt;&lt;p class="clearfix"&gt;&lt;/p&gt;&lt;/div&gt;
            &lt;/div&gt;&lt;/div&gt;&lt;/div&gt;</htmlView><jsonProperties>{"ideviceId":"2025112623135658372E","textInfoDurationInput":"","textInfoDurationTextInput":"Duración","textInfoParticipantsInput":"","textInfoParticipantsTextInput":"Agrupamiento","textTextarea":"&lt;p&gt;&lt;span style=\"color: #e03e2d;\"&gt;&lt;strong&gt;Pues vamos a ello, lo primero es darte, la ENHORABUENA, por dar este gran paso y estar dispuesto a iniciar esta aventura.&lt;/strong&gt;&lt;/span&gt;&lt;/p&gt;\n&lt;p&gt;&lt;span style=\"color: #e03e2d;\"&gt;&lt;strong&gt;Pues comenzamos:&lt;/strong&gt;&lt;/span&gt;&lt;/p&gt;\n&lt;p&gt;&lt;span style=\"color: #e03e2d;\"&gt;&lt;strong&gt;A través del siguiente enlace, se muestra el porque de \"Este Proyecto\", y así seguimos conociendo un poco más de los objetivos,  materias que trabajaremos, etc. &lt;/strong&gt;&lt;/span&gt;&lt;/p&gt;\n&lt;p&gt;&lt;a href=\"exe-node:20251130120544QHDEND\" id=\"link_5\" onclick=\"window.open('https://docs.google.com/document/d/1_JXE3MmYWGQATLxdg-MNGQrpRjSbt7tCBGgE1uo9Bec/edit?usp=sharing','eXeLearningPopup','width=600,height=400,left='+(screen.availWidth/2-300)+',top='+(screen.availHeight/2-200)+'');return false;\"&gt;¡¡¡ COMENZAMOS NUESTRO PROYECTO!!!&lt;/a&gt;&lt;/p&gt;\n&lt;p&gt;&lt;strong&gt;&lt;span style=\"color: #e03e2d;\"&gt;Y cada vez que utilizamos, Internet, es importante conocer los aspectos de Seguridad y Licencias, porque navegar por las redes, y enfrentarnos a todos los retos que nos proporciona, nos debe también concienciar, a conocer aspectos relevantes en la seguridad y las licencias, respetando los derechos de Autos. Así pues, pueden conocer un poco más en el siguiente ENLACE :&lt;/span&gt;&lt;/strong&gt;&lt;/p&gt;\n&lt;p&gt;&lt;strong&gt;&lt;span style=\"color: #e03e2d;\" id=\"link_6\" onclick=\"window.open('https://www.canva.com/design/DAG6B8mYSvk/4kmt-hUje4caWcrQmHYxpQ/edit?utm_content=DAG6B8mYSvk&amp;utm_campaign=designshare&amp;utm_medium=link2&amp;utm_source=sharebutton','eXeLearningPopup','width=600,height=400,left='+(screen.availWidth/2-300)+',top='+(screen.availHeight/2-200)+'');return false;\"&gt;&lt;img src=\"{{context_path}}/2025112623135658372E/Seguridad_Silvia_Gmez.pdf\" alt=\"\" /&gt;&lt;a href=\"exe-node:20251130120544QHDEND\"&gt;SEGURIDAD Y LICENCIAS&lt;/a&gt;&lt;/span&gt;&lt;/strong&gt;&lt;/p&gt;\n&lt;p&gt;&lt;br /&gt;&lt;/p&gt;\n&lt;p&gt;&lt;/p&gt;\n&lt;p&gt;&lt;br /&gt;&lt;/p&gt;\n&lt;p&gt;&lt;br /&gt;&lt;/p&gt;\n&lt;p&gt;&lt;br /&gt;&lt;/p&gt;\n&lt;p&gt;&lt;br /&gt;&lt;/p&gt;","textFeedbackInput":"Mostrar retroalimentación","textFeedbackTextarea":""}</jsonProperties><odeComponentsOrder>1</odeComponentsOrder><odeComponentsProperties><odeComponentsProperty><key>visibility</key><value>true</value></odeComponentsProperty><odeComponentsProperty><key>teacherOnly</key><value>false</value></odeComponentsProperty><odeComponentsProperty><key>identifier</key><value/></odeComponentsProperty><odeComponentsProperty><key>cssClass</key><value/></odeComponentsProperty></odeComponentsProperties></odeComponent></odeComponents></odePagStructure><odePagStructure><odePageId>20251130120544QHDEND</odePageId><odeBlockId>20251130120544WDUHFN</odeBlockId><blockName>Descargar el archivo fuente</blockName><iconName/><odePagStructureOrder>2</odePagStructureOrder><odePagStructureProperties><odePagStructureProperty><key>visibility</key><value>true</value></odePagStructureProperty><odePagStructureProperty><key>teacherOnly</key><value>false</value></odePagStructureProperty><odePagStructureProperty><key>allowToggle</key><value>true</value></odePagStructureProperty><odePagStructureProperty><key>minimized</key><value>false</value></odePagStructureProperty><odePagStructureProperty><key>identifier</key><value/></odePagStructureProperty><odePagStructureProperty><key>cssClass</key><value/></odePagStructureProperty></odePagStructureProperties><odeComponents><odeComponent><odePageId>20251130120544QHDEND</odePageId><odeBlockId>20251130120544WDUHFN</odeBlockId><odeIdeviceId>20251130010041744522</odeIdeviceId><odeIdeviceTypeName>download-source-file</odeIdeviceTypeName><htmlView>&lt;div class="exe-download-package-instructions"&gt;&lt;table class="exe-table exe-package-info"&gt;&lt;caption&gt;Información general sobre este recurso educativo&lt;/caption&gt;
&lt;tbody&gt;
&lt;tr&gt;
&lt;th&gt;Título&lt;/th&gt;
&lt;td&gt;&lt;strong&gt;&lt;span style="font-size: 14pt; color: #843fa1;"&gt;Animales Domésticos y Salvajes&lt;/span&gt;&lt;/strong&gt;&lt;/td&gt;
&lt;/tr&gt;
&lt;tr&gt;
&lt;th&gt;Descripción&lt;/th&gt;
&lt;td style="text-align: justify;"&gt;&lt;span style="font-size: 14pt;"&gt;&lt;strong&gt;&lt;span style="color: #2dc26b;"&gt;El objetivo, principal, es conocer los distintos aspectos y características que poseen tanto los animales Domésticos y Salvajes: sus características, tipos, hábitat, beneficios, cuidados, entre otros. Para ello, a través de este recurso, llevaremos a cabo un recorrido apasionante, por el mundo de los animales que vamos a conocer. ¿Te unes a ello?&lt;/span&gt;&lt;/strong&gt;&lt;/span&gt;&lt;/td&gt;
&lt;/tr&gt;
&lt;tr&gt;
&lt;th&gt;&lt;strong&gt;&lt;span style="font-size: 14pt;"&gt;Autoría&lt;/span&gt;&lt;/strong&gt;&lt;/th&gt;
&lt;td&gt;&lt;span style="color: #e03e2d;"&gt;&lt;strong&gt;&lt;span style="font-size: 14pt;"&gt;Silvia Gámez López&lt;/span&gt;&lt;/strong&gt;&lt;/span&gt;&lt;/td&gt;
&lt;/tr&gt;
&lt;tr&gt;
&lt;th&gt;Licencia&lt;/th&gt;
&lt;td&gt;creative commons: attribution - share alike 4.0&lt;/td&gt;
&lt;/tr&gt;
&lt;/tbody&gt;
&lt;/table&gt;
&lt;p style="text-align: center;"&gt;Este contenido fue creado con &lt;a href="http://exelearning.net/"&gt;eXeLearning&lt;/a&gt;, el editor libre y de fuente abierta diseñado para crear recursos educativos.&lt;/p&gt;&lt;/div&gt;&lt;p class="exe-download-package-link"&gt;&lt;a download="exe-package:elp-name" href="exe-package:elp" style="background-color:#107275;color:#ffffff;"&gt;Descargar el archivo .elpx&lt;/a&gt;&lt;/p&gt;</htmlView><jsonProperties/><odeComponentsOrder>1</odeComponentsOrder><odeComponentsProperties><odeComponentsProperty><key>visibility</key><value>true</value></odeComponentsProperty><odeComponentsProperty><key>teacherOnly</key><value>false</value></odeComponentsProperty><odeComponentsProperty><key>identifier</key><value/></odeComponentsProperty><odeComponentsProperty><key>cssClass</key><value/></odeComponentsProperty></odeComponentsProperties></odeComponent></odeComponents></odePagStructure></odePagStructures></odeNavStructure><odeNavStructure><odePageId>20251130120544ZFTFET</odePageId><odeParentPageId/><pageName>¡¡ AHORA SÍ¡¡ VAMO A ELLO.</pageName><odeNavStructureOrder>2</odeNavStructureOrder><odeNavStructureProperties><odeNavStructureProperty><key>titleNode</key><value>¡¡ AHORA SÍ¡¡ VAMO A ELLO.</value></odeNavStructureProperty><odeNavStructureProperty><key>titleHtml</key><value/></odeNavStructureProperty><odeNavStructureProperty><key>editableInPage</key><value>false</value></odeNavStructureProperty><odeNavStructureProperty><key>titlePage</key><value>¡¡ AHORA SÍ¡¡ VAMO A ELLO.</value></odeNavStructureProperty><odeNavStructureProperty><key>visibility</key><value>true</value></odeNavStructureProperty><odeNavStructureProperty><key>description</key><value/></odeNavStructureProperty></odeNavStructureProperties><odePagStructures><odePagStructure><odePageId>20251130120544ZFTFET</odePageId><odeBlockId>20251130120544LYKHSP</odeBlockId><blockName>¿Te atreves a conocer los animales domésticos?</blockName><iconName>icon_sport</iconName><odePagStructureOrder>1</odePagStructureOrder><odePagStructureProperties><odePagStructureProperty><key>visibility</key><value>true</value></odePagStructureProperty><odePagStructureProperty><key>teacherOnly</key><value>false</value></odePagStructureProperty><odePagStructureProperty><key>allowToggle</key><value>true</value></odePagStructureProperty><odePagStructureProperty><key>minimized</key><value>false</value></odePagStructureProperty><odePagStructureProperty><key>identifier</key><value/></odePagStructureProperty><odePagStructureProperty><key>cssClass</key><value/></odePagStructureProperty></odePagStructureProperties><odeComponents><odeComponent><odePageId>20251130120544ZFTFET</odePageId><odeBlockId>20251130120544LYKHSP</odeBlockId><odeIdeviceId>20251128231845XVOMGW</odeIdeviceId><odeIdeviceTypeName>text</odeIdeviceTypeName><htmlView>&lt;div class="exe-text-template"&gt;&lt;div class="textIdeviceContent"&gt;
            &lt;div class="exe-text-activity"&gt;
                &lt;div&gt;&lt;p&gt;&lt;br&gt;&lt;/p&gt;
&lt;p&gt;&lt;span style="color: #e03e2d;"&gt;&lt;strong&gt;Pues ahora sí, ha llegado la hora de introducirnos en este fascinante mundo de los animales domésticos y salvajes.&lt;/strong&gt;&lt;/span&gt;&lt;/p&gt;
&lt;p&gt;&lt;span style="color: #e03e2d;"&gt;&lt;strong&gt;Y que mejor que comenzar, que razonando estas cuestiones:&lt;/strong&gt;&lt;/span&gt;&lt;/p&gt;
&lt;p&gt;&lt;span style="color: #e03e2d;"&gt;&lt;strong&gt;¿Qué es un animal doméstico? ¿Conoces alguno?&lt;/strong&gt;&lt;/span&gt;&lt;/p&gt;
&lt;p&gt;&lt;span style="color: #e03e2d;"&gt;&lt;strong&gt;¿Que es un animal salvaje? ¿Conoces alguno?&lt;/strong&gt;&lt;/span&gt;&lt;/p&gt;
&lt;p&gt;&lt;span style="color: #e03e2d;"&gt;&lt;strong&gt;¿Cuáles son sus características?&lt;/strong&gt;&lt;/span&gt;&lt;/p&gt;
&lt;p&gt;&lt;span style="color: #e03e2d;"&gt;&lt;strong&gt;¿Cómo y Dónde viven? ...&amp;nbsp;&lt;/strong&gt;&lt;/span&gt;&lt;/p&gt;
&lt;p&gt;&lt;span style="color: #e03e2d;"&gt;&lt;strong&gt;Pues que mejor que para conocer más, visualizar unos vídeos y luego debatimos esto y más, accediendo a la siguiente propuesta:&lt;/strong&gt;&lt;/span&gt;&lt;span style="color: #e03e2d;"&gt;&lt;strong&gt;&lt;/strong&gt;&lt;/span&gt;&lt;/p&gt;
&lt;p&gt;&lt;a href="exe-node:20251130120544ZFTFET" id="link_7" onclick="window.open('https://padlet.com/sgamlop036/lesson-plan-animales-dom-sticos-y-salvajes-3-primaria-s68brghakssb9opm','eXeLearningPopup','width=600,height=400,left='+(screen.availWidth/2-300)+',top='+(screen.availHeight/2-200)+'');return false;"&gt;Padlet Animales Salvajes y Domésticos&lt;/a&gt;&lt;/p&gt;
&lt;p&gt;&lt;br&gt;&lt;/p&gt;
&lt;p&gt;&lt;br&gt;&lt;/p&gt;
&lt;p&gt;&lt;br&gt;&lt;/p&gt;
&lt;p&gt;&lt;br&gt;&lt;/p&gt;
&lt;p&gt;&lt;br&gt;&lt;/p&gt;&lt;p class="clearfix"&gt;&lt;/p&gt;&lt;/div&gt;
            &lt;/div&gt;&lt;/div&gt;&lt;/div&gt;</htmlView><jsonProperties>{"ideviceId":"20251128231845XVOMGW","textInfoDurationInput":"","textInfoDurationTextInput":"Duración","textInfoParticipantsInput":"","textInfoParticipantsTextInput":"Agrupamiento","textTextarea":"&lt;p&gt;&lt;br /&gt;&lt;/p&gt;\n&lt;p&gt;&lt;span style=\"color: #e03e2d;\"&gt;&lt;strong&gt;Pues ahora sí, ha llegado la hora de introducirnos en este fascinante mundo de los animales domésticos y salvajes.&lt;/strong&gt;&lt;/span&gt;&lt;/p&gt;\n&lt;p&gt;&lt;span style=\"color: #e03e2d;\"&gt;&lt;strong&gt;Y que mejor que comenzar, que razonando estas cuestiones:&lt;/strong&gt;&lt;/span&gt;&lt;/p&gt;\n&lt;p&gt;&lt;span style=\"color: #e03e2d;\"&gt;&lt;strong&gt;¿Qué es un animal doméstico? ¿Conoces alguno?&lt;/strong&gt;&lt;/span&gt;&lt;/p&gt;\n&lt;p&gt;&lt;span style=\"color: #e03e2d;\"&gt;&lt;strong&gt;¿Que es un animal salvaje? ¿Conoces alguno?&lt;/strong&gt;&lt;/span&gt;&lt;/p&gt;\n&lt;p&gt;&lt;span style=\"color: #e03e2d;\"&gt;&lt;strong&gt;¿Cuáles son sus características?&lt;/strong&gt;&lt;/span&gt;&lt;/p&gt;\n&lt;p&gt;&lt;span style=\"color: #e03e2d;\"&gt;&lt;strong&gt;¿Cómo y Dónde viven? ... &lt;/strong&gt;&lt;/span&gt;&lt;/p&gt;\n&lt;p&gt;&lt;span style=\"color: #e03e2d;\"&gt;&lt;strong&gt;Pues que mejor que para conocer más, visualizar unos vídeos y luego debatimos esto y más, accediendo a la siguiente propuesta:&lt;/strong&gt;&lt;/span&gt;&lt;span style=\"color: #e03e2d;\"&gt;&lt;strong&gt;&lt;/strong&gt;&lt;/span&gt;&lt;/p&gt;\n&lt;p&gt;&lt;a href=\"exe-node:20251130120544ZFTFET\" id=\"link_7\" onclick=\"window.open('https://padlet.com/sgamlop036/lesson-plan-animales-dom-sticos-y-salvajes-3-primaria-s68brghakssb9opm','eXeLearningPopup','width=600,height=400,left='+(screen.availWidth/2-300)+',top='+(screen.availHeight/2-200)+'');return false;\"&gt;Padlet Animales Salvajes y Domésticos&lt;/a&gt;&lt;/p&gt;\n&lt;p&gt;&lt;br /&gt;&lt;/p&gt;\n&lt;p&gt;&lt;br /&gt;&lt;/p&gt;\n&lt;p&gt;&lt;br /&gt;&lt;/p&gt;\n&lt;p&gt;&lt;br /&gt;&lt;/p&gt;\n&lt;p&gt;&lt;br /&gt;&lt;/p&gt;","textFeedbackInput":"Mostrar retroalimentación","textFeedbackTextarea":""}</jsonProperties><odeComponentsOrder>1</odeComponentsOrder><odeComponentsProperties><odeComponentsProperty><key>visibility</key><value>true</value></odeComponentsProperty><odeComponentsProperty><key>teacherOnly</key><value>false</value></odeComponentsProperty><odeComponentsProperty><key>identifier</key><value/></odeComponentsProperty><odeComponentsProperty><key>cssClass</key><value/></odeComponentsProperty></odeComponentsProperties></odeComponent></odeComponents></odePagStructure></odePagStructures></odeNavStructure><odeNavStructure><odePageId>20251130120544ADOLQX</odePageId><odeParentPageId/><pageName>FOROS</pageName><odeNavStructureOrder>3</odeNavStructureOrder><odeNavStructureProperties><odeNavStructureProperty><key>titleNode</key><value/></odeNavStructureProperty><odeNavStructureProperty><key>titleHtml</key><value/></odeNavStructureProperty><odeNavStructureProperty><key>editableInPage</key><value>false</value></odeNavStructureProperty><odeNavStructureProperty><key>titlePage</key><value>FOROS</value></odeNavStructureProperty><odeNavStructureProperty><key>visibility</key><value>true</value></odeNavStructureProperty><odeNavStructureProperty><key>description</key><value/></odeNavStructureProperty></odeNavStructureProperties><odePagStructures><odePagStructure><odePageId>20251130120544ADOLQX</odePageId><odeBlockId>20251130120544ZWCGGT</odeBlockId><blockName>FOROS AULA VIRTUAL</blockName><iconName/><odePagStructureOrder>1</odePagStructureOrder><odePagStructureProperties><odePagStructureProperty><key>visibility</key><value>true</value></odePagStructureProperty><odePagStructureProperty><key>teacherOnly</key><value>false</value></odePagStructureProperty><odePagStructureProperty><key>allowToggle</key><value>true</value></odePagStructureProperty><odePagStructureProperty><key>minimized</key><value>false</value></odePagStructureProperty><odePagStructureProperty><key>identifier</key><value/></odePagStructureProperty><odePagStructureProperty><key>cssClass</key><value/></odePagStructureProperty></odePagStructureProperties><odeComponents><odeComponent><odePageId>20251130120544ADOLQX</odePageId><odeBlockId>20251130120544ZWCGGT</odeBlockId><odeIdeviceId>202511292351412312G0</odeIdeviceId><odeIdeviceTypeName>text</odeIdeviceTypeName><htmlView>&lt;div class="exe-text-template"&gt;&lt;div class="textIdeviceContent"&gt;
            &lt;div class="exe-text-activity"&gt;
                &lt;div&gt;&lt;p&gt;A continuación, atendiendo a una de las Actividades del Aula de Formación, dejo el enlace para poder acceder a los foros esenciales, en los que se ha participado.&lt;/p&gt;
&lt;p&gt;&lt;a href="exe-node:20251130120544ADOLQX" id="link_0" onclick="window.open('https://docs.google.com/document/d/1oanMlnlxn1BN2YFhaK-eUCWMSafkzaP6jXWnYGvnOeU/edit?usp=sharing','eXeLearningPopup','width=600,height=400,left='+(screen.availWidth/2-300)+',top='+(screen.availHeight/2-200)+'');return false;"&gt;ENLACE FOROS&lt;/a&gt;&lt;/p&gt;&lt;p class="clearfix"&gt;&lt;/p&gt;&lt;/div&gt;
            &lt;/div&gt;&lt;/div&gt;&lt;/div&gt;</htmlView><jsonProperties>{"ideviceId":"202511292351412312G0","textInfoDurationInput":"","textInfoDurationTextInput":"Duración","textInfoParticipantsInput":"","textInfoParticipantsTextInput":"Agrupamiento","textTextarea":"&lt;p&gt;A continuación, atendiendo a una de las Actividades del Aula de Formación, dejo el enlace para poder acceder a los foros esenciales, en los que se ha participado.&lt;/p&gt;\n&lt;p&gt;&lt;a href=\"exe-node:20251130120544ADOLQX\" id=\"link_0\" onclick=\"window.open('https://docs.google.com/document/d/1oanMlnlxn1BN2YFhaK-eUCWMSafkzaP6jXWnYGvnOeU/edit?usp=sharing','eXeLearningPopup','width=600,height=400,left='+(screen.availWidth/2-300)+',top='+(screen.availHeight/2-200)+'');return false;\"&gt;ENLACE FOROS&lt;/a&gt;&lt;/p&gt;","textFeedbackInput":"Mostrar retroalimentación","textFeedbackTextarea":""}</jsonProperties><odeComponentsOrder>1</odeComponentsOrder><odeComponentsProperties><odeComponentsProperty><key>visibility</key><value>true</value></odeComponentsProperty><odeComponentsProperty><key>teacherOnly</key><value>false</value></odeComponentsProperty><odeComponentsProperty><key>identifier</key><value/></odeComponentsProperty><odeComponentsProperty><key>cssClass</key><value/></odeComponentsProperty></odeComponentsProperties></odeComponent></odeComponents></odePagStructure></odePagStructures></odeNavStructure><odeNavStructure><odePageId>20251130120544RRLLRJ</odePageId><odeParentPageId/><pageName>GUÍA DIDÁCTICA</pageName><odeNavStructureOrder>4</odeNavStructureOrder><odeNavStructureProperties><odeNavStructureProperty><key>titleNode</key><value/></odeNavStructureProperty><odeNavStructureProperty><key>titleHtml</key><value/></odeNavStructureProperty><odeNavStructureProperty><key>editableInPage</key><value>false</value></odeNavStructureProperty><odeNavStructureProperty><key>titlePage</key><value>GUÍA DIDÁCTICA</value></odeNavStructureProperty><odeNavStructureProperty><key>visibility</key><value>true</value></odeNavStructureProperty><odeNavStructureProperty><key>description</key><value/></odeNavStructureProperty></odeNavStructureProperties><odePagStructures><odePagStructure><odePageId>20251130120544RRLLRJ</odePageId><odeBlockId>20251130120544KOVAPT</odeBlockId><blockName>Texto</blockName><iconName/><odePagStructureOrder>1</odePagStructureOrder><odePagStructureProperties><odePagStructureProperty><key>visibility</key><value>true</value></odePagStructureProperty><odePagStructureProperty><key>teacherOnly</key><value>false</value></odePagStructureProperty><odePagStructureProperty><key>allowToggle</key><value>true</value></odePagStructureProperty><odePagStructureProperty><key>minimized</key><value>false</value></odePagStructureProperty><odePagStructureProperty><key>identifier</key><value/></odePagStructureProperty><odePagStructureProperty><key>cssClass</key><value/></odePagStructureProperty></odePagStructureProperties><odeComponents><odeComponent><odePageId>20251130120544RRLLRJ</odePageId><odeBlockId>20251130120544KOVAPT</odeBlockId><odeIdeviceId>20251129003719224WXF</odeIdeviceId><odeIdeviceTypeName>text</odeIdeviceTypeName><htmlView>&lt;div class="exe-text-template"&gt;&lt;div class="textIdeviceContent"&gt;
            &lt;div class="exe-text-activity"&gt;
                &lt;div&gt;&lt;p style="text-align: center;"&gt;&lt;span style="color: #3598db; font-size: 14pt;"&gt;&lt;strong&gt;“Animales Salvajes y Domésticos” – 3º de Primaria&lt;/strong&gt;&lt;/span&gt;&lt;/p&gt;
&lt;p&gt;&lt;span style="color: #169179;"&gt;&lt;strong&gt;&lt;span style="font-size: 14pt;"&gt;&lt;a href="exe-node:20251130120544RRLLRJ" id="link_1" style="color: #169179;" title="" onclick="window.open('https://docs.google.com/document/d/1wRB5TqlI18B5geuRGCkY5VyaZ2GulitZrKkmFHhJoJk/edit?usp=sharing','eXeLearningPopup','width=600,height=400,left='+(screen.availWidth/2-300)+',top='+(screen.availHeight/2-200)+'');return false;"&gt;Enlace Criterios - Tareas&lt;/a&gt;&lt;/span&gt;&lt;/strong&gt;&lt;/span&gt;&lt;/p&gt;
&lt;p style="text-align: justify;"&gt;&lt;br&gt;&lt;span style="color: #e03e2d;"&gt;&lt;strong&gt;&lt;span style="font-size: 14pt;"&gt;1. Justificación del proyecto&lt;/span&gt;&lt;/strong&gt;&lt;/span&gt;&lt;/p&gt;
&lt;p style="text-align: justify;"&gt;&lt;strong&gt;Este proyecto permite trabajar contenidos del entorno natural, desarrollando la competencia científica, digital, lingüística y artística. El alumnado parte de conocimientos previos sobre los animales domésticos y salvajes, ampliándolo, conociendo todos los aspectos que los configuran, ampliándolos con actividades prácticas, de investigación, lectura, escritura y expresión artística.&lt;/strong&gt;&lt;/p&gt;
&lt;p style="text-align: justify;"&gt;&lt;strong&gt;El proyecto se adapta a LOMLOE, poniendo el foco en métodos activos, indagación y aprendizaje por competencias. Igualmente, es importante destacar, y poner en el centro, al alumnado en el centro de su proceso de enseñanza aprendizaje, produciendo en &lt;a href="mailto:ell@s"&gt;ell@s&lt;/a&gt; un verdadero aprendizaje significado y potenciando habilidades cognitivas, el espirítu crítico, el trabajo en equipo y colaborativo, entre otros aspectos.&lt;/strong&gt;&lt;/p&gt;
&lt;p style="text-align: justify;"&gt;&lt;strong&gt;&amp;nbsp;&lt;/strong&gt;&lt;br&gt;&lt;span style="color: #e03e2d;"&gt;&lt;strong&gt;&lt;span style="font-size: 14pt;"&gt;2. Áreas implicadas&lt;/span&gt;&lt;/strong&gt;&lt;/span&gt;&lt;/p&gt;
&lt;p style="text-align: justify;"&gt;&lt;br&gt;&lt;span style="color: #e03e2d;"&gt;&lt;strong&gt;&lt;span style="font-size: 14pt;"&gt;Lengua Castellana&lt;/span&gt;&lt;/strong&gt;&lt;/span&gt;&lt;/p&gt;
&lt;ul&gt;
&lt;li style="text-align: justify;"&gt;&lt;strong&gt;Comprensión de textos de diferentes tipologías y modalidades.&lt;/strong&gt;&lt;/li&gt;
&lt;li style="text-align: justify;"&gt;&lt;strong&gt;Producción de textos expositivos.&lt;/strong&gt;&lt;/li&gt;
&lt;li style="text-align: justify;"&gt;&lt;strong&gt;Expresión oral en presentaciones.&lt;/strong&gt;&lt;/li&gt;
&lt;li style="text-align: justify;"&gt;&lt;strong&gt;Producción escrita atendiendo a las normas gramaticales y ortográficas.&lt;/strong&gt;&lt;/li&gt;
&lt;/ul&gt;
&lt;p&gt;&lt;strong&gt;&lt;span style="color: #e03e2d; font-size: 14pt;"&gt;Conocimiento del Medio Natural, Social y Cultural&lt;/span&gt;&lt;/strong&gt;&lt;/p&gt;
&lt;ul&gt;
&lt;li&gt;&lt;strong&gt;Clasificación de animales.&lt;/strong&gt;&lt;/li&gt;
&lt;li&gt;&lt;strong&gt;Características de seres vivos.&lt;/strong&gt;&lt;/li&gt;
&lt;li&gt;&lt;strong&gt;Convivencia responsable con los animales y hábitos de conservación....&lt;/strong&gt;&lt;/li&gt;
&lt;/ul&gt;
&lt;p&gt;&lt;strong&gt;&lt;span style="color: #e03e2d; font-size: 14pt;"&gt;Educación Artística / Plástica&lt;/span&gt;&lt;/strong&gt;&lt;/p&gt;
&lt;ul&gt;
&lt;li&gt;&lt;strong&gt;Elaboración de dibujos sobre animales y hábitats..&lt;/strong&gt;&lt;/li&gt;
&lt;li&gt;&lt;strong&gt;Creación de&amp;nbsp; “libro de animales”.&lt;/strong&gt;&lt;/li&gt;
&lt;/ul&gt;
&lt;p&gt;&amp;nbsp;3. &lt;span style="color: #e03e2d;"&gt;&lt;strong&gt;&lt;span style="font-size: 14pt;"&gt;Competencias clave trabajadas&lt;/span&gt;&lt;/strong&gt;&lt;/span&gt;&lt;/p&gt;
&lt;p&gt;&lt;br&gt;C&lt;strong&gt;omunicación lingüística.&lt;/strong&gt;&lt;br&gt;&lt;strong&gt;Competencia matemática y científica.&lt;/strong&gt;&lt;br&gt;&lt;strong&gt;Competencia digital.&lt;/strong&gt;&lt;br&gt;&lt;strong&gt;Aprender a aprender.&lt;/strong&gt;&lt;br&gt;&lt;strong&gt;Conciencia y expresiones culturales.&lt;/strong&gt;&lt;br&gt;&lt;strong&gt;Competencia social y cívica.&lt;/strong&gt;&lt;br&gt;&amp;nbsp;&lt;br&gt;&lt;span style="font-size: 24pt;"&gt;&lt;strong&gt;&lt;span style="font-size: 14pt; color: #e03e2d;"&gt;4. Objetivos del proyecto&lt;/span&gt;&lt;/strong&gt;&amp;nbsp;&amp;nbsp;&lt;/span&gt;&lt;/p&gt;
&lt;ul&gt;
&lt;li&gt;&lt;strong&gt;Diferenciar animales salvajes y domésticos.&lt;/strong&gt;&lt;/li&gt;
&lt;li&gt;&lt;strong&gt;Conocer características básicas (alimentación, hábitat, reproducción).&lt;/strong&gt;&lt;/li&gt;
&lt;li&gt;&lt;strong&gt;Fomentar el respeto y el cuidado de los animales.&lt;/strong&gt;&lt;/li&gt;
&lt;li&gt;&lt;strong&gt;Leer y comprender información sobre animales.&lt;/strong&gt;&lt;/li&gt;
&lt;li&gt;&lt;strong&gt;Elaborar textos propios informativos y descripciones.&lt;/strong&gt;&lt;/li&gt;
&lt;li&gt;&lt;strong&gt;Utilizar herramientas digitales para investigar y presentar información.&lt;/strong&gt;&lt;/li&gt;
&lt;/ul&gt;
&lt;p&gt;&lt;strong&gt;Crear producciones artísticas relacionadas con el tema.&lt;/strong&gt;&lt;br&gt;&amp;nbsp;&lt;br&gt;&lt;span style="font-size: 14pt; color: #e03e2d;"&gt;&lt;strong&gt;5. Contenidos&lt;/strong&gt;&lt;/span&gt;&lt;span style="font-size: 14pt; color: #e03e2d;"&gt;&lt;strong&gt;&lt;/strong&gt;&lt;/span&gt;&lt;span style="font-size: 14pt; color: #e03e2d;"&gt;&lt;strong&gt;&lt;/strong&gt;&lt;/span&gt;&lt;/p&gt;
&lt;ul&gt;
&lt;li&gt;&lt;strong&gt;Seres vivos.&lt;/strong&gt;&lt;/li&gt;
&lt;li&gt;&lt;strong&gt;Clasificación básica de animales.&lt;/strong&gt;&lt;/li&gt;
&lt;li&gt;&lt;strong&gt;Hábitat, alimentación, tipos.&lt;/strong&gt;&lt;/li&gt;
&lt;li&gt;&lt;strong&gt;Mascotas y cuidados responsables.&lt;/strong&gt;&lt;/li&gt;
&lt;li&gt;&lt;strong&gt;Textos informativos.&lt;/strong&gt;&lt;/li&gt;
&lt;li&gt;&lt;strong&gt;Descripciones.&lt;/strong&gt;&lt;/li&gt;
&lt;li&gt;&lt;strong&gt;Exposición oral.&lt;/strong&gt;&lt;/li&gt;
&lt;li&gt;&lt;strong&gt;Vocabulario específico del tema.&lt;/strong&gt;&lt;/li&gt;
&lt;li&gt;&lt;strong&gt;Técnicas de dibujo.&lt;/strong&gt;&lt;/li&gt;
&lt;li&gt;&lt;strong&gt;Libro ilustrado.&lt;/strong&gt;&lt;br&gt;&amp;nbsp;&lt;br&gt;&lt;span style="font-size: 14pt; color: #e03e2d;"&gt;&lt;strong&gt;6. Metodología&lt;/strong&gt;&lt;/span&gt;&lt;/li&gt;
&lt;/ul&gt;
&lt;p style="text-align: justify;"&gt;&lt;strong&gt;La metodología ha sido activa partiendo del nivel de desarrollo del alumnado, de sus dificultades y sus distintos ritmos de trabajo, utilizando para ello metodologías activas que potencien el interés, la participación, las interacciones entre el grupo, así como la capacidad de aprender a aprender y su propia autonomía y desarrollo personal.&lt;/strong&gt;&lt;/p&gt;
&lt;p style="text-align: justify;"&gt;&lt;strong&gt;En cuanto a los recursos y materiales, estos han sido variables y tipos variados: los propios recursos de SM, recursos tic (vídeos, actividades interactivas, web, kahoot …), fichas motivaciones, lecturas variadas y en distintos soportes y formatos, recursos manipulativos, que potencien la motivación, el interés, la participación y la interacción como ejes centrales, en la adquisición de los distintos saberes trabajados…&lt;/strong&gt;&lt;/p&gt;
&lt;p style="text-align: justify;"&gt;&lt;strong&gt;En cuanto a las actividades, se han llevado a cabo, actividades introductorias, motivadoras, de desarrollo y finales, adecuándose a los distintos ritmos de trabajo y capacidades del alumnado.&lt;/strong&gt;&lt;/p&gt;
&lt;p&gt;&lt;strong&gt;&amp;nbsp;&lt;/strong&gt;&lt;strong&gt;&lt;span style="font-size: 14pt; color: #e03e2d;"&gt;7. Desarrollo del proyecto (6-7 sesiones)&lt;/span&gt;&lt;/strong&gt;&lt;/p&gt;
&lt;p&gt;&lt;strong&gt;Sesión 1 – Lluvia de ideas&lt;/strong&gt;&lt;/p&gt;
&lt;p style="text-align: justify;"&gt;&lt;strong&gt;¿Qué animales conocen?&amp;nbsp; &amp;nbsp; &amp;nbsp;¿Qué diferencia hay entre salvajes y domésticos?.....&lt;/strong&gt;&lt;br&gt;&lt;/p&gt;
&lt;p style="text-align: justify;"&gt;&lt;strong&gt;Vísualización videos.&amp;nbsp;&lt;/strong&gt;&lt;/p&gt;
&lt;p style="text-align: justify;"&gt;&lt;strong&gt;Fichas visuales con distintos animales.&lt;/strong&gt;&lt;br&gt;&lt;br&gt;&lt;strong&gt;Sesión 2&amp;nbsp;&lt;/strong&gt;&lt;/p&gt;
&lt;p style="text-align: justify;"&gt;&lt;strong&gt;Lectura de textos breves sobre animales.&lt;/strong&gt;&lt;br&gt;&lt;strong&gt;Identificación de ideas principales.&lt;/strong&gt;&lt;br&gt;&lt;strong&gt;Vocabulario específico.&lt;/strong&gt;&lt;br&gt;&lt;strong&gt;&amp;nbsp;&lt;/strong&gt;&lt;br&gt;&lt;strong&gt;Sesión 3: Investigamos&lt;/strong&gt;&lt;br&gt;&lt;strong&gt;&lt;/strong&gt;&lt;/p&gt;
&lt;p style="text-align: justify;"&gt;&lt;strong&gt;Investigación individual - parejas sobre distintos animales, en las que buscarán información sobre alimentación, habitát, crías...&lt;/strong&gt;&lt;/p&gt;
&lt;p style="text-align: justify;"&gt;&lt;strong&gt;&lt;/strong&gt;&lt;strong&gt;&lt;/strong&gt;&lt;br&gt;&lt;strong&gt;Sesión 4, 5 y 6 : Escritura&lt;/strong&gt;&lt;/p&gt;
&lt;p style="text-align: justify;"&gt;&lt;strong&gt;Elaboración de escritura de sus trabajos investigación, para formar el libro de los animales... Realización de descripciones de distintos animales.&lt;/strong&gt;&lt;/p&gt;
&lt;p style="text-align: justify;"&gt;&lt;strong&gt;Creación del libro, de forma individual - parejas, utilizando determinadas herramientas digitales, donde incluyen lo que han buscado de información, imágenes, dibujos realizados, descripciones...&lt;/strong&gt;&lt;/p&gt;
&lt;p style="text-align: justify;"&gt;&lt;strong&gt;&amp;nbsp;Sesión 7&lt;/strong&gt;&lt;/p&gt;
&lt;p style="text-align: justify;"&gt;&lt;strong&gt;Exposición de los trabajos realizados individualmente o por parejas.&lt;/strong&gt;&lt;/p&gt;
&lt;p style="text-align: justify;"&gt;&lt;strong&gt;&lt;span style="color: #e03e2d;"&gt;Para todo el Proyecto, en cada una de las sesiones, las herramientas tecnológicas estarán presentes, desde la visualización de vídeos e imágenes. El uso de Word, herramientas como Padlet, u otras herramientas como Kahoot y Quiziz donde aparte de motivarlos, seguirán aprendiendo de ellos y nos servirá como modelo evaluativo. Genially, así como otras herramientas.&lt;/span&gt;&lt;/strong&gt;&lt;/p&gt;
&lt;p style="text-align: justify;"&gt;&lt;br&gt;&lt;span style="font-size: 14pt; color: #e03e2d;"&gt;&lt;strong&gt;8. Atención a la diversidad&lt;/strong&gt;&lt;/span&gt;&lt;/p&gt;
&lt;ul&gt;
&lt;li style="text-align: justify;"&gt;&lt;strong&gt;Textos con diferentes niveles.&lt;/strong&gt;&lt;/li&gt;
&lt;li style="text-align: justify;"&gt;&lt;strong&gt;Bancos de imágenes para quienes tengan dificultades lectoras.&lt;/strong&gt;&lt;/li&gt;
&lt;li style="text-align: justify;"&gt;&lt;strong&gt;Posibilidad de exposición individual o en pequeño grupo.&lt;/strong&gt;&lt;br&gt;&lt;/li&gt;
&lt;/ul&gt;
&lt;p&gt;&lt;br&gt;&lt;span style="font-size: 14pt; color: #e03e2d;"&gt;&lt;strong&gt;9. Evaluación&lt;/strong&gt;&lt;/span&gt;&lt;/p&gt;
&lt;p&gt;&lt;strong&gt;&lt;span style="color: #e03e2d;"&gt;Instrumentos:&lt;/span&gt;&lt;/strong&gt;&lt;/p&gt;
&lt;ul&gt;
&lt;li&gt;&lt;strong&gt;Rúbricas.&lt;/strong&gt;&lt;/li&gt;
&lt;li&gt;&lt;strong&gt;Lista de cotejo.&lt;/strong&gt;&lt;/li&gt;
&lt;li&gt;&lt;strong&gt;Autoevaluación&lt;/strong&gt;&amp;nbsp;&lt;/li&gt;
&lt;/ul&gt;
&lt;p&gt;&lt;br&gt;&lt;span style="color: #e03e2d;"&gt;&lt;span style="font-size: 14pt;"&gt;&lt;strong&gt;10. Criterios&lt;/strong&gt;&lt;/span&gt;&amp;nbsp;&lt;/span&gt;&lt;/p&gt;
&lt;ul&gt;
&lt;li&gt;&lt;strong&gt;Identifica características básicas de los animales.&lt;/strong&gt;&lt;/li&gt;
&lt;li&gt;&lt;strong&gt;Clasifica animales según criterios trabajados.&lt;/strong&gt;&lt;/li&gt;
&lt;li&gt;&lt;strong&gt;Comprende textos informativos del tema.&lt;/strong&gt;&lt;/li&gt;
&lt;li&gt;&lt;strong&gt;Produce textos adecuados al propósito.&lt;/strong&gt;&lt;/li&gt;
&lt;li&gt;&lt;strong&gt;Usa herramientas digitales.&lt;/strong&gt;&lt;/li&gt;
&lt;li&gt;&lt;strong&gt;Participa activamente en el grupo.&lt;/strong&gt;&lt;/li&gt;
&lt;li&gt;&lt;strong&gt;Muestra actitudes de respeto hacia los animales.&lt;/strong&gt;&lt;/li&gt;
&lt;/ul&gt;
&lt;p&gt;&lt;span style="color: #e03e2d; font-size: 14pt;"&gt;&lt;strong&gt;11. Producto final&amp;nbsp;&lt;/strong&gt;&lt;/span&gt;&lt;/p&gt;
&lt;p&gt;&lt;strong&gt;Libro de los animales.&lt;/strong&gt;&lt;br&gt;&lt;br&gt;&lt;/p&gt;&lt;p class="clearfix"&gt;&lt;/p&gt;&lt;/div&gt;
            &lt;/div&gt;&lt;/div&gt;&lt;/div&gt;</htmlView><jsonProperties>{"ideviceId":"20251129003719224WXF","textInfoDurationInput":"","textInfoDurationTextInput":"Duración","textInfoParticipantsInput":"","textInfoParticipantsTextInput":"Agrupamiento","textTextarea":"&lt;p style=\"text-align: center;\"&gt;&lt;span style=\"color: #3598db; font-size: 14pt;\"&gt;&lt;strong&gt;“Animales Salvajes y Domésticos” – 3º de Primaria&lt;/strong&gt;&lt;/span&gt;&lt;/p&gt;\n&lt;p&gt;&lt;span style=\"color: #169179;\"&gt;&lt;strong&gt;&lt;span style=\"font-size: 14pt;\"&gt;&lt;a href=\"exe-node:20251130120544RRLLRJ\" id=\"link_1\" style=\"color: #169179;\" title=\"\" onclick=\"window.open('https://docs.google.com/document/d/1wRB5TqlI18B5geuRGCkY5VyaZ2GulitZrKkmFHhJoJk/edit?usp=sharing','eXeLearningPopup','width=600,height=400,left='+(screen.availWidth/2-300)+',top='+(screen.availHeight/2-200)+'');return false;\"&gt;Enlace Criterios - Tareas&lt;/a&gt;&lt;/span&gt;&lt;/strong&gt;&lt;/span&gt;&lt;/p&gt;\n&lt;p style=\"text-align: justify;\"&gt;&lt;br /&gt;&lt;span style=\"color: #e03e2d;\"&gt;&lt;strong&gt;&lt;span style=\"font-size: 14pt;\"&gt;1. Justificación del proyecto&lt;/span&gt;&lt;/strong&gt;&lt;/span&gt;&lt;/p&gt;\n&lt;p style=\"text-align: justify;\"&gt;&lt;strong&gt;Este proyecto permite trabajar contenidos del entorno natural, desarrollando la competencia científica, digital, lingüística y artística. El alumnado parte de conocimientos previos sobre los animales domésticos y salvajes, ampliándolo, conociendo todos los aspectos que los configuran, ampliándolos con actividades prácticas, de investigación, lectura, escritura y expresión artística.&lt;/strong&gt;&lt;/p&gt;\n&lt;p style=\"text-align: justify;\"&gt;&lt;strong&gt;El proyecto se adapta a LOMLOE, poniendo el foco en métodos activos, indagación y aprendizaje por competencias. Igualmente, es importante destacar, y poner en el centro, al alumnado en el centro de su proceso de enseñanza aprendizaje, produciendo en &lt;a href=\"mailto:ell@s\"&gt;ell@s&lt;/a&gt; un verdadero aprendizaje significado y potenciando habilidades cognitivas, el espirítu crítico, el trabajo en equipo y colaborativo, entre otros aspectos.&lt;/strong&gt;&lt;/p&gt;\n&lt;p style=\"text-align: justify;\"&gt;&lt;strong&gt; &lt;/strong&gt;&lt;br /&gt;&lt;span style=\"color: #e03e2d;\"&gt;&lt;strong&gt;&lt;span style=\"font-size: 14pt;\"&gt;2. Áreas implicadas&lt;/span&gt;&lt;/strong&gt;&lt;/span&gt;&lt;/p&gt;\n&lt;p style=\"text-align: justify;\"&gt;&lt;br /&gt;&lt;span style=\"color: #e03e2d;\"&gt;&lt;strong&gt;&lt;span style=\"font-size: 14pt;\"&gt;Lengua Castellana&lt;/span&gt;&lt;/strong&gt;&lt;/span&gt;&lt;/p&gt;\n&lt;ul&gt;\n&lt;li style=\"text-align: justify;\"&gt;&lt;strong&gt;Comprensión de textos de diferentes tipologías y modalidades.&lt;/strong&gt;&lt;/li&gt;\n&lt;li style=\"text-align: justify;\"&gt;&lt;strong&gt;Producción de textos expositivos.&lt;/strong&gt;&lt;/li&gt;\n&lt;li style=\"text-align: justify;\"&gt;&lt;strong&gt;Expresión oral en presentaciones.&lt;/strong&gt;&lt;/li&gt;\n&lt;li style=\"text-align: justify;\"&gt;&lt;strong&gt;Producción escrita atendiendo a las normas gramaticales y ortográficas.&lt;/strong&gt;&lt;/li&gt;\n&lt;/ul&gt;\n&lt;p&gt;&lt;strong&gt;&lt;span style=\"color: #e03e2d; font-size: 14pt;\"&gt;Conocimiento del Medio Natural, Social y Cultural&lt;/span&gt;&lt;/strong&gt;&lt;/p&gt;\n&lt;ul&gt;\n&lt;li&gt;&lt;strong&gt;Clasificación de animales.&lt;/strong&gt;&lt;/li&gt;\n&lt;li&gt;&lt;strong&gt;Características de seres vivos.&lt;/strong&gt;&lt;/li&gt;\n&lt;li&gt;&lt;strong&gt;Convivencia responsable con los animales y hábitos de conservación....&lt;/strong&gt;&lt;/li&gt;\n&lt;/ul&gt;\n&lt;p&gt;&lt;strong&gt;&lt;span style=\"color: #e03e2d; font-size: 14pt;\"&gt;Educación Artística / Plástica&lt;/span&gt;&lt;/strong&gt;&lt;/p&gt;\n&lt;ul&gt;\n&lt;li&gt;&lt;strong&gt;Elaboración de dibujos sobre animales y hábitats..&lt;/strong&gt;&lt;/li&gt;\n&lt;li&gt;&lt;strong&gt;Creación de  “libro de animales”.&lt;/strong&gt;&lt;/li&gt;\n&lt;/ul&gt;\n&lt;p&gt; 3. &lt;span style=\"color: #e03e2d;\"&gt;&lt;strong&gt;&lt;span style=\"font-size: 14pt;\"&gt;Competencias clave trabajadas&lt;/span&gt;&lt;/strong&gt;&lt;/span&gt;&lt;/p&gt;\n&lt;p&gt;&lt;br /&gt;C&lt;strong&gt;omunicación lingüística.&lt;/strong&gt;&lt;br /&gt;&lt;strong&gt;Competencia matemática y científica.&lt;/strong&gt;&lt;br /&gt;&lt;strong&gt;Competencia digital.&lt;/strong&gt;&lt;br /&gt;&lt;strong&gt;Aprender a aprender.&lt;/strong&gt;&lt;br /&gt;&lt;strong&gt;Conciencia y expresiones culturales.&lt;/strong&gt;&lt;br /&gt;&lt;strong&gt;Competencia social y cívica.&lt;/strong&gt;&lt;br /&gt; &lt;br /&gt;&lt;span style=\"font-size: 24pt;\"&gt;&lt;strong&gt;&lt;span style=\"font-size: 14pt; color: #e03e2d;\"&gt;4. Objetivos del proyecto&lt;/span&gt;&lt;/strong&gt;  &lt;/span&gt;&lt;/p&gt;\n&lt;ul&gt;\n&lt;li&gt;&lt;strong&gt;Diferenciar animales salvajes y domésticos.&lt;/strong&gt;&lt;/li&gt;\n&lt;li&gt;&lt;strong&gt;Conocer características básicas (alimentación, hábitat, reproducción).&lt;/strong&gt;&lt;/li&gt;\n&lt;li&gt;&lt;strong&gt;Fomentar el respeto y el cuidado de los animales.&lt;/strong&gt;&lt;/li&gt;\n&lt;li&gt;&lt;strong&gt;Leer y comprender información sobre animales.&lt;/strong&gt;&lt;/li&gt;\n&lt;li&gt;&lt;strong&gt;Elaborar textos propios informativos y descripciones.&lt;/strong&gt;&lt;/li&gt;\n&lt;li&gt;&lt;strong&gt;Utilizar herramientas digitales para investigar y presentar información.&lt;/strong&gt;&lt;/li&gt;\n&lt;/ul&gt;\n&lt;p&gt;&lt;strong&gt;Crear producciones artísticas relacionadas con el tema.&lt;/strong&gt;&lt;br /&gt; &lt;br /&gt;&lt;span style=\"font-size: 14pt; color: #e03e2d;\"&gt;&lt;strong&gt;5. Contenidos&lt;/strong&gt;&lt;/span&gt;&lt;span style=\"font-size: 14pt; color: #e03e2d;\"&gt;&lt;strong&gt;&lt;/strong&gt;&lt;/span&gt;&lt;span style=\"font-size: 14pt; color: #e03e2d;\"&gt;&lt;strong&gt;&lt;/strong&gt;&lt;/span&gt;&lt;/p&gt;\n&lt;ul&gt;\n&lt;li&gt;&lt;strong&gt;Seres vivos.&lt;/strong&gt;&lt;/li&gt;\n&lt;li&gt;&lt;strong&gt;Clasificación básica de animales.&lt;/strong&gt;&lt;/li&gt;\n&lt;li&gt;&lt;strong&gt;Hábitat, alimentación, tipos.&lt;/strong&gt;&lt;/li&gt;\n&lt;li&gt;&lt;strong&gt;Mascotas y cuidados responsables.&lt;/strong&gt;&lt;/li&gt;\n&lt;li&gt;&lt;strong&gt;Textos informativos.&lt;/strong&gt;&lt;/li&gt;\n&lt;li&gt;&lt;strong&gt;Descripciones.&lt;/strong&gt;&lt;/li&gt;\n&lt;li&gt;&lt;strong&gt;Exposición oral.&lt;/strong&gt;&lt;/li&gt;\n&lt;li&gt;&lt;strong&gt;Vocabulario específico del tema.&lt;/strong&gt;&lt;/li&gt;\n&lt;li&gt;&lt;strong&gt;Técnicas de dibujo.&lt;/strong&gt;&lt;/li&gt;\n&lt;li&gt;&lt;strong&gt;Libro ilustrado.&lt;/strong&gt;&lt;br /&gt; &lt;br /&gt;&lt;span style=\"font-size: 14pt; color: #e03e2d;\"&gt;&lt;strong&gt;6. Metodología&lt;/strong&gt;&lt;/span&gt;&lt;/li&gt;\n&lt;/ul&gt;\n&lt;p style=\"text-align: justify;\"&gt;&lt;strong&gt;La metodología ha sido activa partiendo del nivel de desarrollo del alumnado, de sus dificultades y sus distintos ritmos de trabajo, utilizando para ello metodologías activas que potencien el interés, la participación, las interacciones entre el grupo, así como la capacidad de aprender a aprender y su propia autonomía y desarrollo personal.&lt;/strong&gt;&lt;/p&gt;\n&lt;p style=\"text-align: justify;\"&gt;&lt;strong&gt;En cuanto a los recursos y materiales, estos han sido variables y tipos variados: los propios recursos de SM, recursos tic (vídeos, actividades interactivas, web, kahoot …), fichas motivaciones, lecturas variadas y en distintos soportes y formatos, recursos manipulativos, que potencien la motivación, el interés, la participación y la interacción como ejes centrales, en la adquisición de los distintos saberes trabajados…&lt;/strong&gt;&lt;/p&gt;\n&lt;p style=\"text-align: justify;\"&gt;&lt;strong&gt;En cuanto a las actividades, se han llevado a cabo, actividades introductorias, motivadoras, de desarrollo y finales, adecuándose a los distintos ritmos de trabajo y capacidades del alumnado.&lt;/strong&gt;&lt;/p&gt;\n&lt;p&gt;&lt;strong&gt; &lt;/strong&gt;&lt;strong&gt;&lt;span style=\"font-size: 14pt; color: #e03e2d;\"&gt;7. Desarrollo del proyecto (6-7 sesiones)&lt;/span&gt;&lt;/strong&gt;&lt;/p&gt;\n&lt;p&gt;&lt;strong&gt;Sesión 1 – Lluvia de ideas&lt;/strong&gt;&lt;/p&gt;\n&lt;p style=\"text-align: justify;\"&gt;&lt;strong&gt;¿Qué animales conocen?     ¿Qué diferencia hay entre salvajes y domésticos?.....&lt;/strong&gt;&lt;br /&gt;&lt;/p&gt;\n&lt;p style=\"text-align: justify;\"&gt;&lt;strong&gt;Vísualización videos. &lt;/strong&gt;&lt;/p&gt;\n&lt;p style=\"text-align: justify;\"&gt;&lt;strong&gt;Fichas visuales con distintos animales.&lt;/strong&gt;&lt;br /&gt;&lt;br /&gt;&lt;strong&gt;Sesión 2 &lt;/strong&gt;&lt;/p&gt;\n&lt;p style=\"text-align: justify;\"&gt;&lt;strong&gt;Lectura de textos breves sobre animales.&lt;/strong&gt;&lt;br /&gt;&lt;strong&gt;Identificación de ideas principales.&lt;/strong&gt;&lt;br /&gt;&lt;strong&gt;Vocabulario específico.&lt;/strong&gt;&lt;br /&gt;&lt;strong&gt; &lt;/strong&gt;&lt;br /&gt;&lt;strong&gt;Sesión 3: Investigamos&lt;/strong&gt;&lt;br /&gt;&lt;strong&gt;&lt;/strong&gt;&lt;/p&gt;\n&lt;p style=\"text-align: justify;\"&gt;&lt;strong&gt;Investigación individual - parejas sobre distintos animales, en las que buscarán información sobre alimentación, habitát, crías...&lt;/strong&gt;&lt;/p&gt;\n&lt;p style=\"text-align: justify;\"&gt;&lt;strong&gt;&lt;/strong&gt;&lt;strong&gt;&lt;/strong&gt;&lt;br /&gt;&lt;strong&gt;Sesión 4, 5 y 6 : Escritura&lt;/strong&gt;&lt;/p&gt;\n&lt;p style=\"text-align: justify;\"&gt;&lt;strong&gt;Elaboración de escritura de sus trabajos investigación, para formar el libro de los animales... Realización de descripciones de distintos animales.&lt;/strong&gt;&lt;/p&gt;\n&lt;p style=\"text-align: justify;\"&gt;&lt;strong&gt;Creación del libro, de forma individual - parejas, utilizando determinadas herramientas digitales, donde incluyen lo que han buscado de información, imágenes, dibujos realizados, descripciones...&lt;/strong&gt;&lt;/p&gt;\n&lt;p style=\"text-align: justify;\"&gt;&lt;strong&gt; Sesión 7&lt;/strong&gt;&lt;/p&gt;\n&lt;p style=\"text-align: justify;\"&gt;&lt;strong&gt;Exposición de los trabajos realizados individualmente o por parejas.&lt;/strong&gt;&lt;/p&gt;\n&lt;p style=\"text-align: justify;\"&gt;&lt;strong&gt;&lt;span style=\"color: #e03e2d;\"&gt;Para todo el Proyecto, en cada una de las sesiones, las herramientas tecnológicas estarán presentes, desde la visualización de vídeos e imágenes. El uso de Word, herramientas como Padlet, u otras herramientas como Kahoot y Quiziz donde aparte de motivarlos, seguirán aprendiendo de ellos y nos servirá como modelo evaluativo. Genially, así como otras herramientas.&lt;/span&gt;&lt;/strong&gt;&lt;/p&gt;\n&lt;p style=\"text-align: justify;\"&gt;&lt;br /&gt;&lt;span style=\"font-size: 14pt; color: #e03e2d;\"&gt;&lt;strong&gt;8. Atención a la diversidad&lt;/strong&gt;&lt;/span&gt;&lt;/p&gt;\n&lt;ul&gt;\n&lt;li style=\"text-align: justify;\"&gt;&lt;strong&gt;Textos con diferentes niveles.&lt;/strong&gt;&lt;/li&gt;\n&lt;li style=\"text-align: justify;\"&gt;&lt;strong&gt;Bancos de imágenes para quienes tengan dificultades lectoras.&lt;/strong&gt;&lt;/li&gt;\n&lt;li style=\"text-align: justify;\"&gt;&lt;strong&gt;Posibilidad de exposición individual o en pequeño grupo.&lt;/strong&gt;&lt;br /&gt;&lt;/li&gt;\n&lt;/ul&gt;\n&lt;p&gt;&lt;br /&gt;&lt;span style=\"font-size: 14pt; color: #e03e2d;\"&gt;&lt;strong&gt;9. Evaluación&lt;/strong&gt;&lt;/span&gt;&lt;/p&gt;\n&lt;p&gt;&lt;strong&gt;&lt;span style=\"color: #e03e2d;\"&gt;Instrumentos:&lt;/span&gt;&lt;/strong&gt;&lt;/p&gt;\n&lt;ul&gt;\n&lt;li&gt;&lt;strong&gt;Rúbricas.&lt;/strong&gt;&lt;/li&gt;\n&lt;li&gt;&lt;strong&gt;Lista de cotejo.&lt;/strong&gt;&lt;/li&gt;\n&lt;li&gt;&lt;strong&gt;Autoevaluación&lt;/strong&gt; &lt;/li&gt;\n&lt;/ul&gt;\n&lt;p&gt;&lt;br /&gt;&lt;span style=\"color: #e03e2d;\"&gt;&lt;span style=\"font-size: 14pt;\"&gt;&lt;strong&gt;10. Criterios&lt;/strong&gt;&lt;/span&gt; &lt;/span&gt;&lt;/p&gt;\n&lt;ul&gt;\n&lt;li&gt;&lt;strong&gt;Identifica características básicas de los animales.&lt;/strong&gt;&lt;/li&gt;\n&lt;li&gt;&lt;strong&gt;Clasifica animales según criterios trabajados.&lt;/strong&gt;&lt;/li&gt;\n&lt;li&gt;&lt;strong&gt;Comprende textos informativos del tema.&lt;/strong&gt;&lt;/li&gt;\n&lt;li&gt;&lt;strong&gt;Produce textos adecuados al propósito.&lt;/strong&gt;&lt;/li&gt;\n&lt;li&gt;&lt;strong&gt;Usa herramientas digitales.&lt;/strong&gt;&lt;/li&gt;\n&lt;li&gt;&lt;strong&gt;Participa activamente en el grupo.&lt;/strong&gt;&lt;/li&gt;\n&lt;li&gt;&lt;strong&gt;Muestra actitudes de respeto hacia los animales.&lt;/strong&gt;&lt;/li&gt;\n&lt;/ul&gt;\n&lt;p&gt;&lt;span style=\"color: #e03e2d; font-size: 14pt;\"&gt;&lt;strong&gt;11. Producto final &lt;/strong&gt;&lt;/span&gt;&lt;/p&gt;\n&lt;p&gt;&lt;strong&gt;Libro de los animales.&lt;/strong&gt;&lt;br /&gt;&lt;br /&gt;&lt;/p&gt;","textFeedbackInput":"Mostrar retroalimentación","textFeedbackTextarea":""}</jsonProperties><odeComponentsOrder>1</odeComponentsOrder><odeComponentsProperties><odeComponentsProperty><key>visibility</key><value>true</value></odeComponentsProperty><odeComponentsProperty><key>teacherOnly</key><value>false</value></odeComponentsProperty><odeComponentsProperty><key>identifier</key><value/></odeComponentsProperty><odeComponentsProperty><key>cssClass</key><value/></odeComponentsProperty></odeComponentsProperties></odeComponent></odeComponents></odePagStructure><odePagStructure><odePageId>20251130120544RRLLRJ</odePageId><odeBlockId>20251130120544GDJCOF</odeBlockId><blockName>Descargar el archivo fuente</blockName><iconName/><odePagStructureOrder>2</odePagStructureOrder><odePagStructureProperties><odePagStructureProperty><key>visibility</key><value>true</value></odePagStructureProperty><odePagStructureProperty><key>teacherOnly</key><value>false</value></odePagStructureProperty><odePagStructureProperty><key>allowToggle</key><value>true</value></odePagStructureProperty><odePagStructureProperty><key>minimized</key><value>false</value></odePagStructureProperty><odePagStructureProperty><key>identifier</key><value/></odePagStructureProperty><odePagStructureProperty><key>cssClass</key><value/></odePagStructureProperty></odePagStructureProperties><odeComponents><odeComponent><odePageId>20251130120544RRLLRJ</odePageId><odeBlockId>20251130120544GDJCOF</odeBlockId><odeIdeviceId>20251129012209901PWD</odeIdeviceId><odeIdeviceTypeName>download-source-file</odeIdeviceTypeName><htmlView>&lt;div class="exe-download-package-instructions"&gt;&lt;table class="exe-table exe-package-info"&gt;&lt;caption&gt;Información general sobre este recurso educativo&lt;/caption&gt;
&lt;tbody&gt;
&lt;tr&gt;
&lt;th&gt;Título&lt;/th&gt;
&lt;td&gt;&lt;strong&gt;&lt;span style="color: #169179;"&gt;Animales Domésticos y Salvajes&lt;/span&gt;&lt;/strong&gt;&lt;/td&gt;
&lt;/tr&gt;
&lt;tr&gt;
&lt;th&gt;Descripción&lt;/th&gt;
&lt;td&gt;&lt;span style="color: #3598db;"&gt;&lt;strong&gt;El objetivo, principal, es conocer los distintos aspectos y características que poseen tanto los animales Domésticos y Salvajes: sus características, tipos, hábitat, beneficios, cuidados, entre otros. Para ello, a través de este recurso, llevaremos a cabo un recorrido apasionante, por el mundo de los animales que vamos a conocer. ¿Te unes a ello?&lt;/strong&gt;&lt;/span&gt;&lt;/td&gt;
&lt;/tr&gt;
&lt;tr&gt;
&lt;th&gt;Autoría&lt;/th&gt;
&lt;td&gt;&lt;span style="color: #e03e2d;"&gt;&lt;strong&gt;&lt;span style="font-size: 14pt;"&gt;Silvia Gámez López&lt;/span&gt;&lt;/strong&gt;&lt;/span&gt;&lt;/td&gt;
&lt;/tr&gt;
&lt;tr&gt;
&lt;th&gt;Licencia&lt;/th&gt;
&lt;td&gt;&lt;span style="color: #2dc26b;"&gt;&lt;strong&gt;&lt;span style="font-size: 14pt;"&gt;creative commons: attribution - share alike 4.0&lt;/span&gt;&lt;/strong&gt;&lt;/span&gt;&lt;/td&gt;
&lt;/tr&gt;
&lt;/tbody&gt;
&lt;/table&gt;
&lt;p style="text-align: center;"&gt;Este contenido fue creado con &lt;a href="http://exelearning.net/"&gt;eXeLearning&lt;/a&gt;, el editor libre y de fuente abierta diseñado para crear recursos educativos.&lt;/p&gt;&lt;/div&gt;&lt;p class="exe-download-package-link"&gt;&lt;a download="exe-package:elp-name" href="exe-package:elp" style="background-color:#08f718;color:#4a4fde;"&gt;Descargar el archivo .elpx&lt;/a&gt;&lt;/p&gt;</htmlView><jsonProperties/><odeComponentsOrder>1</odeComponentsOrder><odeComponentsProperties><odeComponentsProperty><key>visibility</key><value>true</value></odeComponentsProperty><odeComponentsProperty><key>teacherOnly</key><value>false</value></odeComponentsProperty><odeComponentsProperty><key>identifier</key><value/></odeComponentsProperty><odeComponentsProperty><key>cssClass</key><value/></odeComponentsProperty></odeComponentsProperties></odeComponent></odeComponents></odePagStructure></odePagStructures></odeNavStructure><odeNavStructure><odePageId>20251130120544KJKSCP</odePageId><odeParentPageId>20251130120544ZFTFET</odeParentPageId><pageName>ASPECTOS CURRICULARES</pageName><odeNavStructureOrder>1</odeNavStructureOrder><odeNavStructureProperties><odeNavStructureProperty><key>titleNode</key><value>ASPECTOS CURRICULARES</value></odeNavStructureProperty><odeNavStructureProperty><key>titleHtml</key><value/></odeNavStructureProperty><odeNavStructureProperty><key>editableInPage</key><value>false</value></odeNavStructureProperty><odeNavStructureProperty><key>titlePage</key><value>ASPECTOS CURRICULARES</value></odeNavStructureProperty><odeNavStructureProperty><key>visibility</key><value>true</value></odeNavStructureProperty><odeNavStructureProperty><key>description</key><value/></odeNavStructureProperty></odeNavStructureProperties><odePagStructures><odePagStructure><odePageId>20251130120544KJKSCP</odePageId><odeBlockId>20251130120544SDQUQR</odeBlockId><blockName>Texto</blockName><iconName/><odePagStructureOrder>1</odePagStructureOrder><odePagStructureProperties><odePagStructureProperty><key>visibility</key><value>true</value></odePagStructureProperty><odePagStructureProperty><key>teacherOnly</key><value>false</value></odePagStructureProperty><odePagStructureProperty><key>allowToggle</key><value>true</value></odePagStructureProperty><odePagStructureProperty><key>minimized</key><value>false</value></odePagStructureProperty><odePagStructureProperty><key>identifier</key><value/></odePagStructureProperty><odePagStructureProperty><key>cssClass</key><value/></odePagStructureProperty></odePagStructureProperties><odeComponents><odeComponent><odePageId>20251130120544KJKSCP</odePageId><odeBlockId>20251130120544SDQUQR</odeBlockId><odeIdeviceId>20251129002437586RB1</odeIdeviceId><odeIdeviceTypeName>text</odeIdeviceTypeName><htmlView>&lt;div class="exe-text-template"&gt;&lt;div class="textIdeviceContent"&gt;
            &lt;div class="exe-text-activity"&gt;
                &lt;div&gt;&lt;p&gt;&lt;span style="color: #e03e2d;"&gt;&lt;strong&gt;Como todo proyecto, tiene una serie de elementos curriculares y aspectos que es importante conocer así pues, estos son los que enmarca el nuestro, el de los animales domésticos y salvajes.&lt;/strong&gt;&lt;/span&gt;&lt;/p&gt;
&lt;p&gt;&lt;strong&gt;&lt;a href="exe-node:20251130120544KJKSCP" id="link_8" onclick="window.open('https://docs.google.com/document/d/1wRB5TqlI18B5geuRGCkY5VyaZ2GulitZrKkmFHhJoJk/edit?usp=sharing','eXeLearningPopup','width=600,height=400,left='+(screen.availWidth/2-300)+',top='+(screen.availHeight/2-200)+'');return false;"&gt;CRITERIOS DE EVALUACIÓN Y TAREAS&lt;/a&gt;&lt;/strong&gt;&lt;/p&gt;
&lt;p&gt;&lt;span style="color: #e03e2d;"&gt;&lt;strong&gt;Igualmente, nuestra planificación en las distintas propuestas es la siguiente, en la que se engloba el número de sesiones, agrupamientos, así como aquellas herramientas que vamos a utilizar:&lt;/strong&gt;&lt;/span&gt;&lt;/p&gt;
&lt;p&gt;&lt;strong&gt;&lt;span style="color: #e67e23;"&gt;&lt;a href="exe-node:20251130120544KJKSCP" id="link_9" onclick="window.open('https://www.mindomo.com/mindmap/b0bf135615be465dac9f5a62c67acb63','eXeLearningPopup','width=600,height=400,left='+(screen.availWidth/2-300)+',top='+(screen.availHeight/2-200)+'');return false;" style="color: #e67e23;"&gt;LÍNEA TEMPORAL&lt;/a&gt;&lt;/span&gt;&lt;/strong&gt;&lt;/p&gt;
&lt;p&gt;&lt;strong&gt;&lt;span style="color: #e03e2d;"&gt;Y por último, algunos de los instrumentos de Evaluación, con los que llevaremos a cabo la evaluación del mismo:&lt;/span&gt;&lt;/strong&gt;&lt;/p&gt;
&lt;p&gt;&lt;strong&gt;&lt;span style="color: #e03e2d;" id="link_11" onclick="window.open('https://docs.google.com/document/d/1J4FEd4U9UL7w0kNMXU-Q0F736HvuxhkkF_k109Sj0l4/edit?usp=sharing','eXeLearningPopup','width=600,height=400,left='+(screen.availWidth/2-300)+',top='+(screen.availHeight/2-200)+'');return false;"&gt;&lt;a href="exe-node:20251130120544KJKSCP"&gt;INSTRUMENTOS DE EVALUACIÓN&lt;/a&gt;&lt;/span&gt;&lt;/strong&gt;&lt;/p&gt;&lt;p class="clearfix"&gt;&lt;/p&gt;&lt;/div&gt;
            &lt;/div&gt;&lt;/div&gt;&lt;/div&gt;</htmlView><jsonProperties>{"ideviceId":"20251129002437586RB1","textInfoDurationInput":"","textInfoDurationTextInput":"Duración","textInfoParticipantsInput":"","textInfoParticipantsTextInput":"Agrupamiento","textTextarea":"&lt;p&gt;&lt;span style=\"color: #e03e2d;\"&gt;&lt;strong&gt;Como todo proyecto, tiene una serie de elementos curriculares y aspectos que es importante conocer así pues, estos son los que enmarca el nuestro, el de los animales domésticos y salvajes.&lt;/strong&gt;&lt;/span&gt;&lt;/p&gt;\n&lt;p&gt;&lt;strong&gt;&lt;a href=\"exe-node:20251130120544KJKSCP\" id=\"link_8\" onclick=\"window.open('https://docs.google.com/document/d/1wRB5TqlI18B5geuRGCkY5VyaZ2GulitZrKkmFHhJoJk/edit?usp=sharing','eXeLearningPopup','width=600,height=400,left='+(screen.availWidth/2-300)+',top='+(screen.availHeight/2-200)+'');return false;\"&gt;CRITERIOS DE EVALUACIÓN Y TAREAS&lt;/a&gt;&lt;/strong&gt;&lt;/p&gt;\n&lt;p&gt;&lt;span style=\"color: #e03e2d;\"&gt;&lt;strong&gt;Igualmente, nuestra planificación en las distintas propuestas es la siguiente, en la que se engloba el número de sesiones, agrupamientos, así como aquellas herramientas que vamos a utilizar:&lt;/strong&gt;&lt;/span&gt;&lt;/p&gt;\n&lt;p&gt;&lt;strong&gt;&lt;span style=\"color: #e67e23;\"&gt;&lt;a href=\"exe-node:20251130120544KJKSCP\" id=\"link_9\" onclick=\"window.open('https://www.mindomo.com/mindmap/b0bf135615be465dac9f5a62c67acb63','eXeLearningPopup','width=600,height=400,left='+(screen.availWidth/2-300)+',top='+(screen.availHeight/2-200)+'');return false;\" style=\"color: #e67e23;\"&gt;LÍNEA TEMPORAL&lt;/a&gt;&lt;/span&gt;&lt;/strong&gt;&lt;/p&gt;\n&lt;p&gt;&lt;strong&gt;&lt;span style=\"color: #e03e2d;\"&gt;Y por último, algunos de los instrumentos de Evaluación, con los que llevaremos a cabo la evaluación del mismo:&lt;/span&gt;&lt;/strong&gt;&lt;/p&gt;\n&lt;p&gt;&lt;strong&gt;&lt;span style=\"color: #e03e2d;\" id=\"link_11\" onclick=\"window.open('https://docs.google.com/document/d/1J4FEd4U9UL7w0kNMXU-Q0F736HvuxhkkF_k109Sj0l4/edit?usp=sharing','eXeLearningPopup','width=600,height=400,left='+(screen.availWidth/2-300)+',top='+(screen.availHeight/2-200)+'');return false;\"&gt;&lt;a href=\"exe-node:20251130120544KJKSCP\"&gt;INSTRUMENTOS DE EVALUACIÓN&lt;/a&gt;&lt;/span&gt;&lt;/strong&gt;&lt;/p&gt;","textFeedbackInput":"Mostrar retroalimentación","textFeedbackTextarea":""}</jsonProperties><odeComponentsOrder>1</odeComponentsOrder><odeComponentsProperties><odeComponentsProperty><key>visibility</key><value>true</value></odeComponentsProperty><odeComponentsProperty><key>teacherOnly</key><value>false</value></odeComponentsProperty><odeComponentsProperty><key>identifier</key><value/></odeComponentsProperty><odeComponentsProperty><key>cssClass</key><value/></odeComponentsProperty></odeComponentsProperties></odeComponent></odeComponents></odePagStructure></odePagStructures></odeNavStructure></odeNavStructures></ode>
